{
  "1735184904879": {
    "id": 1735184904879,
    "dari": "628887602802@s.whatsapp.net",
    "nama": "Rej",
    "penerima": "6282183565229@s.whatsapp.net",
    "pesan": "gue suka sama lo",
    "mediaUrl": "",
    "mime": "",
    "balasan": "rej siapa ? jangan becandaa",
    "status": true
  },
  "1735187503280": {
    "id": 1735187503280,
    "dari": "628887602802@s.whatsapp.net",
    "nama": "nama pengirim",
    "penerima": "6283898285081@s.whatsapp.net",
    "pesan": "halo",
    "mediaUrl": "",
    "mime": "",
    "balasan": ".menu",
    "status": true
  },
  "1735352615951": {
    "id": 1735352615951,
    "dari": "6283122095576@s.whatsapp.net",
    "nama": "reyga",
    "penerima": "6283181063011@s.whatsapp.net",
    "pesan": "nengok ni wa sebelah udh nibug,ni aja bisa buka krn matiin data🙁🙁kk mohon lhhh🙁🙁🙁aku mohon kk,tolong dibuka botnya harus brp bnyk bot lg ku confes,terus aku nya kena bug,bug itu bahaya untuk apk apk.hp loh kaka,aku mohon🙁🙁dibuka bloknya🙁🙁\n[28/12 08:22] +62 851-4280-9835: Terus maksud lu pakai bot gw di pribadi apa??\n[28/12 08:22] +62 851-4280-9835: Mau gw bug?\n[28/12 08:22] ejar: ngetes doang ya tuhan",
    "mediaUrl": "https://iili.io/2eio4t9.jpg",
    "mime": "image/jpeg",
    "balasan": [],
    "status": false
  },
  "1735352837387": {
    "id": 1735352837387,
    "dari": "6283122095576@s.whatsapp.net",
    "nama": "reyga",
    "penerima": "6283181063011@s.whatsapp.net",
    "pesan": "nengok ni wa sebelah udh nibug,ni aja bisa buka krn matiin data🙁🙁kk mohon lhhh🙁🙁🙁aku mohon kk,tolong dibuka botnya harus brp bnyk bot lg ku confes,terus aku nya kena bug,bug itu bahaya untuk apk apk.hp loh kaka,aku mohon🙁🙁dibuka bloknya🙁🙁\n[28/12 08:22] +62 851-4280-9835: Terus maksud lu pakai bot gw di pribadi apa??\n[28/12 08:22] +62 851-4280-9835: Mau gw bug?\n[28/12 08:22] ejar: ngetes doang ya tuhan",
    "mediaUrl": "https://iili.io/2eio4t9.jpg",
    "mime": "image/jpeg",
    "balasan": [],
    "status": false
  },
  "1735353755336": {
    "id": 1735353755336,
    "dari": "6283122095576@s.whatsapp.net",
    "nama": "reyga",
    "penerima": "6283181063011@s.whatsapp.net",
    "pesan": "nengok ni wa sebelah udh nibug,ni aja bisa buka krn matiin data🙁🙁kk mohon lhhh🙁🙁🙁aku mohon kk,tolong dibuka botnya harus brp bnyk bot lg ku confes,terus aku nya kena bug,bug itu bahaya untuk apk apk.hp loh kaka,aku mohon🙁🙁kaa tolong lah,kalau lewat bot susah kaka,aku mohon lahhh",
    "mediaUrl": "",
    "mime": "",
    "balasan": [],
    "status": false
  },
  "1735537697670": {
    "id": 1735537697670,
    "dari": "6281400747293@s.whatsapp.net",
    "nama": "Virtual ghost",
    "penerima": "6283195420082@s.whatsapp.net",
    "pesan": "Woy Edi, Anjing Luh",
    "mediaUrl": "",
    "mime": "",
    "balasan": "?",
    "status": true
  },
  "1735537856793": {
    "id": 1735537856793,
    "dari": "6281400747293@s.whatsapp.net",
    "nama": "Tante Herni",
    "penerima": "6285819317738@s.whatsapp.net",
    "pesan": " Halo Mas ,Uyung Ngewe Yuk",
    "mediaUrl": "",
    "mime": "",
    "balasan": "Ini suapa",
    "status": true
  },
  "1735539561266": {
    "id": 1735539561266,
    "dari": "6281400747293@s.whatsapp.net",
    "nama": "Virtual ghost",
    "penerima": "6283195420082@s.whatsapp.net",
    "pesan": " Edi Kenal Aku Gak",
    "mediaUrl": "",
    "mime": "",
    "balasan": "sha anj",
    "status": true
  },
  "1735539648892": {
    "id": 1735539648892,
    "dari": "6281400747293@s.whatsapp.net",
    "nama": "Virtual ghost",
    "penerima": "6283195420082@s.whatsapp.net",
    "pesan": " Ini Aku Maimunah Temen SMP Kamu Dulu",
    "mediaUrl": "",
    "mime": "",
    "balasan": "bct anj",
    "status": true
  },
  "1735539728609": {
    "id": 1735539728609,
    "dari": "6281400747293@s.whatsapp.net",
    "nama": "Virtual ghost",
    "penerima": "6283195420082@s.whatsapp.net",
    "pesan": " Edi Kamu Udah Nikah Belum Kalo Belum, nikah yuk Sama Aku",
    "mediaUrl": "",
    "mime": "",
    "balasan": [],
    "status": false
  },
  "1735541177719": {
    "id": 1735541177719,
    "dari": "6281400747293@s.whatsapp.net",
    "nama": "Tante Herni",
    "penerima": "6285819317738@s.whatsapp.net",
    "pesan": " Ini Mamah Davian,Uyung Ngewe Yuk",
    "mediaUrl": "",
    "mime": "",
    "balasan": [],
    "status": false
  },
  "1735729097867": {
    "id": 1735729097867,
    "dari": "6283122095576@s.whatsapp.net",
    "nama": "reyga",
    "penerima": "6283181063011@s.whatsapp.net",
    "pesan": "aku mohon dibuka bloknyaa,jangan blok aku plis:(🙁🙁🙁aku cuma minta jgn diblok",
    "mediaUrl": "",
    "mime": "",
    "balasan": [],
    "status": false
  },
  "1735838048480": {
    "id": 1735838048480,
    "dari": "6283122095576@s.whatsapp.net",
    "nama": "gua",
    "penerima": "6283181063011@s.whatsapp.net",
    "pesan": "sekarang lu tutup mata kan?pdhl gua ga ada kuota dan gua juga udh blng ga bisakah lu berpikir?",
    "mediaUrl": "",
    "mime": "",
    "balasan": [],
    "status": false
  },
  "1735841837792": {
    "id": 1735841837792,
    "dari": "6283122095576@s.whatsapp.net",
    "nama": "ejar",
    "penerima": "6283181063011@s.whatsapp.net",
    "pesan": "lu mungkin dah blok bot bot ni tapi gua msh berharap pesan ni tersmpaikan.\nanggap aja gua ga ngetik apa pun\ngua terlalu emosi dan juga sakit hati gua minta maaf\ngua bnrn ga ada kuota,terakhir gua cek akun dia g ada,gua kira uudh diunflw dan diblok,smpai skrng juga g prnh gua cek,gua juga ga ada kuota\ngua juga udh blng ke lu,\nlebih baik lu tanya ke gua sebelum berasumsi sendiri\nlu smpai bilang benci ke gua.\npdhl gtau apa yg sbnrnya terjadi,tau sih lu tau gua g ada kuota\ntapi gua bnrn sakit bgt hatisama lu bnrn sakit hati,pdhl gua udh diam.dan mau berhenti\nmungkin gua juga kali ini ga bisa maafin lu walau lu juga ga minta maaf ke guua\nkali ni gua bnnrn sakit hati udh dipuncak dmn gua udh g bisa terima terima aja sama semua omongan lu\ntq ya udh gini ke gua,walau gua percya bgt sm lu walau pada ujungnya lu anggp gua cuma drma tapi terimakasih atas semua kebaikan lu ke gua,makasih udh bikin gua bahagia terimakasih ya",
    "mediaUrl": "",
    "mime": "",
    "balasan": [],
    "status": false
  },
  "1735846544314": {
    "id": 1735846544314,
    "dari": "6283122095576@s.whatsapp.net",
    "nama": "ejar",
    "penerima": "6283181063011@s.whatsapp.net",
    "pesan": "kaka buka blok aku,kenapa salahpaham terus ke akunya kaa aku mohon buka blok aku,kaka buka blok aku,kaka aku kan udh diam,kaka aku mohon buka blok aku,kaka aku mohon buka bloknya,aku mohon kakak",
    "mediaUrl": "",
    "mime": "",
    "balasan": [],
    "status": false
  },
  "1736083064833": {
    "id": 1736083064833,
    "dari": "6285693401479@s.whatsapp.net",
    "nama": "rahasia",
    "penerima": "62895384802743@s.whatsapp.net",
    "pesan": "halo",
    "mediaUrl": "",
    "mime": "",
    "balasan": ".brat woyy",
    "status": true
  },
  "1736146320839": {
    "id": 1736146320839,
    "dari": "6288980219987@s.whatsapp.net",
    "nama": "anonymous",
    "penerima": "6287862290945@s.whatsapp.net",
    "pesan": "ⓘ _Nomor ini untuk sementara dilarang dari WhatsAPP karena melakukan pelanggaran komunikasi. WhatsAPP ini tidak dapat mengirimkan pesan dalam jangka waktu yang di telah ditentukan._",
    "mediaUrl": "",
    "mime": "",
    "balasan": "Iya emang ada apa ya",
    "status": true
  },
  "1736147025919": {
    "id": 1736147025919,
    "dari": "6288980219987@s.whatsapp.net",
    "nama": "Bugmenu⚡👺🔥",
    "penerima": "6283196917371@s.whatsapp.net",
    "pesan": "ⓘ _Nomor ini untuk sementara dilarang dari WhatsAPP karena melakukan pelanggaran komunikasi. WhatsAPP ini tidak dapat mengirimkan pesan dalam jangka waktu yang di telah ditentukan._",
    "mediaUrl": "",
    "mime": "",
    "balasan": "*_🔰GIVE AWAY INDONESIA EVENT BAIM DAN PAULA_🔰*\n\n```SILAHKAN LANGSUNG ISI DATA FORMULIR ANDA DI SINI⬇️```\n\n```📝NAMA FACEBOOK:\n📝ALAMAT LENGKAP:\n📝NO HP:\n🏦NAMA BANK:\n🏧NO REK:\n💳ATAS NAMA REKENING:\n📝USIA SAAT INI:\n📝 PEKERJAAN SAAT INI:\n📝ALASAN BUTUH UANG BUAT APA```: \n\n```👉MAS BAIM TIDAK AKAN TIDAK AKAN RESPON SEBELUM ANDA MENGISI DATA FORMULIRNYA NYA TERIMAKASIH\n\n```ALHAMDULILLAH SEMOGA BERMANFAAT BUAT BOSQUE SEKELUARGA🙏🙏```",
    "status": true
  },
  "1736147677534": {
    "id": 1736147677534,
    "dari": "6288980219987@s.whatsapp.net",
    "nama": "Bugmenu⚡👺🔥",
    "penerima": "6283196917371@s.whatsapp.net",
    "pesan": "ⓘ _Nomor ini untuk sementara dilarang dari WhatsAPP karena melakukan pelanggaran komunikasi. WhatsAPP ini tidak dapat mengirimkan pesan dalam jangka waktu yang di telah ditentukan._",
    "mediaUrl": "",
    "mime": "",
    "balasan": [],
    "status": false
  },
  "1736147712024": {
    "id": 1736147712024,
    "dari": "6288980219987@s.whatsapp.net",
    "nama": "Bugmenu⚡👺🔥",
    "penerima": "6283196917371@s.whatsapp.net",
    "pesan": "ⓘ _Nomor ini untuk sementara dilarang dari WhatsAPP karena melakukan pelanggaran komunikasi. WhatsAPP ini tidak dapat mengirimkan pesan dalam jangka waktu yang di telah ditentukan._",
    "mediaUrl": "",
    "mime": "",
    "balasan": [],
    "status": false
  },
  "1736147751499": {
    "id": 1736147751499,
    "dari": "6288980219987@s.whatsapp.net",
    "nama": "Bugmenu⚡👺🔥",
    "penerima": "62882005216709@s.whatsapp.net",
    "pesan": "ⓘ _Nomor ini untuk sementara dilarang dari WhatsAPP karena melakukan pelanggaran komunikasi. WhatsAPP ini tidak dapat mengirimkan pesan dalam jangka waktu yang di telah ditentukan._",
    "mediaUrl": "",
    "mime": "",
    "balasan": "",
    "status": true
  },
  "1736407026433": {
    "id": 1736407026433,
    "dari": "6282185201006@s.whatsapp.net",
    "nama": "orang",
    "penerima": "6283875543395@s.whatsapp.net",
    "pesan": ".menu",
    "mediaUrl": "",
    "mime": "",
    "balasan": "",
    "status": true
  },
  "1736407156522": {
    "id": 1736407156522,
    "dari": "6282185201006@s.whatsapp.net",
    "nama": "orang",
    "penerima": "6283875543395@s.whatsapp.net",
    "pesan": ".menu",
    "mediaUrl": "",
    "mime": "",
    "balasan": "",
    "status": true
  },
  "1736407176472": {
    "id": 1736407176472,
    "dari": "6282185201006@s.whatsapp.net",
    "nama": "orang",
    "penerima": "6283875543395@s.whatsapp.net",
    "pesan": ".menu",
    "mediaUrl": "",
    "mime": "",
    "balasan": "apa njir kok menfes menu ke gw",
    "status": true
  },
  "1736407223133": {
    "id": 1736407223133,
    "dari": "6282185201006@s.whatsapp.net",
    "nama": "orang",
    "penerima": "6283875543395@s.whatsapp.net",
    "pesan": "oi bang, coba ss chat ini ke grup wibusoft 🗿",
    "mediaUrl": "",
    "mime": "",
    "balasan": "",
    "status": true
  },
  "1736407630333": {
    "id": 1736407630333,
    "dari": "6282185201006@s.whatsapp.net",
    "nama": "orang ireng",
    "penerima": "6287849749333@s.whatsapp.net",
    "pesan": "apacoba",
    "mediaUrl": "",
    "mime": "",
    "balasan": "Kamu bilang aja \n\n\nAsli",
    "status": true
  },
  "1736407840927": {
    "id": 1736407840927,
    "dari": "6282185201006@s.whatsapp.net",
    "nama": "Orang",
    "penerima": "6282296310810@s.whatsapp.net",
    "pesan": "woi by one epep 🗿🌀",
    "mediaUrl": "",
    "mime": "",
    "balasan": "Hai kk",
    "status": true
  },
  "1736407931504": {
    "id": 1736407931504,
    "dari": "6282185201006@s.whatsapp.net",
    "nama": "Orang",
    "penerima": "6282296310810@s.whatsapp.net",
    "pesan": "jir",
    "mediaUrl": "",
    "mime": "",
    "balasan": ". menu",
    "status": true
  },
  "1736408886799": {
    "id": 1736408886799,
    "dari": "6282185201006@s.whatsapp.net",
    "nama": "Orang",
    "penerima": "6282296310810@s.whatsapp.net",
    "pesan": "woi",
    "mediaUrl": "",
    "mime": "",
    "balasan": "Shuttt",
    "status": true
  },
  "1736422158633": {
    "id": 1736422158633,
    "dari": "6282185201006@s.whatsapp.net",
    "nama": "Orang",
    "penerima": "6282296310810@s.whatsapp.net",
    "pesan": "woi",
    "mediaUrl": "",
    "mime": "",
    "balasan": "",
    "status": true
  },
  "1736422197943": {
    "id": 1736422197943,
    "dari": "6282185201006@s.whatsapp.net",
    "nama": "Anon",
    "penerima": "6282348322090@s.whatsapp.net",
    "pesan": "Permisi",
    "mediaUrl": "",
    "mime": "",
    "balasan": "ha",
    "status": true
  },
  "1736493466447": {
    "id": 1736493466447,
    "dari": "6282185201006@s.whatsapp.net",
    "nama": "orang",
    "penerima": "6283875543395@s.whatsapp.net",
    "pesan": ".menu",
    "mediaUrl": "",
    "mime": "",
    "balasan": "",
    "status": true
  },
  "1736493473792": {
    "id": 1736493473792,
    "dari": "6282185201006@s.whatsapp.net",
    "nama": "orang",
    "penerima": "6283875543395@s.whatsapp.net",
    "pesan": ".menu",
    "mediaUrl": "",
    "mime": "",
    "balasan": "",
    "status": true
  },
  "1736557011797": {
    "id": 1736557011797,
    "dari": "6282185201006@s.whatsapp.net",
    "nama": "orang",
    "penerima": "6283875543395@s.whatsapp.net",
    "pesan": ".menu",
    "mediaUrl": "",
    "mime": "",
    "balasan": "",
    "status": true
  },
  "1736659965123": {
    "id": 1736659965123,
    "dari": "6285600265420@s.whatsapp.net",
    "nama": "rey",
    "penerima": "6285187902801@s.whatsapp.net",
    "pesan": "ngadu makin memperkeruh keadaan. foto lo gue jual beneran di telegram kalo lo ga buka blocknya. ayo sini selesaiin, gue punya tujuan tertentu nglakuin ini",
    "mediaUrl": "",
    "mime": "",
    "balasan": "",
    "status": true
  },
  "1736683202203": {
    "id": 1736683202203,
    "dari": "6285600265420@s.whatsapp.net",
    "nama": "sok pahlawan",
    "penerima": "6285750674752@s.whatsapp.net",
    "pesan": "bacot doang gede sok sok an mau ngirim bug. di kirim balik langsung kek orang tolol. gue saranin lo ganti nomor atau ga gue kirim bug lagi pake nomor gue yang lain. ATAU LO MAU GUE AJARIN BIAR WA LO TAHAN BUG?😂",
    "mediaUrl": "",
    "mime": "",
    "balasan": [],
    "status": false
  }
}